{
  "quality_gate": 0.95,
  "gate_passed": false,
  "selected_model": "gradient_boosting",
  "training_rows": 32409,
  "candidates": {
    "logistic_regression": {
      "accuracy": 0.8696390003085468,
      "roc_auc": 0.8829331524052078,
      "precision": 0.7592760180995475,
      "recall": 0.5916784203102962,
      "f1": 0.6650812524772096,
      "confusion_matrix": [
        [
          4798,
          266
        ],
        [
          579,
          839
        ]
      ]
    },
    "random_forest": {
      "accuracy": 0.9359765504473928,
      "roc_auc": 0.9403072268754026,
      "precision": 0.9735599622285175,
      "recall": 0.7270803949224259,
      "f1": 0.8324586192975374,
      "confusion_matrix": [
        [
          5036,
          28
        ],
        [
          387,
          1031
        ]
      ]
    },
    "hist_gradient_boosting": {
      "accuracy": 0.9389077445232953,
      "roc_auc": 0.9469932257791384,
      "precision": 0.9857414448669202,
      "recall": 0.731311706629055,
      "f1": 0.8396761133603239,
      "confusion_matrix": [
        [
          5049,
          15
        ],
        [
          381,
          1037
        ]
      ]
    },
    "gradient_boosting": {
      "accuracy": 0.9404504782474545,
      "roc_auc": 0.9500992375171848,
      "precision": 0.9804469273743017,
      "recall": 0.7425952045133991,
      "f1": 0.8451043338683788,
      "confusion_matrix": [
        [
          5043,
          21
        ],
        [
          365,
          1053
        ]
      ],
      "cross_validation_accuracy": [
        0.9315026226473311,
        0.9426103054612773,
        0.9352051835853131,
        0.9331996297439062,
        0.9370467520444375
      ]
    },
    "catboost": {
      "accuracy": 0.9398333847577908,
      "roc_auc": 0.9460389385401418,
      "precision": 0.9867424242424242,
      "recall": 0.7348377997179125,
      "f1": 0.8423605497170574,
      "confusion_matrix": [
        [
          5050,
          14
        ],
        [
          376,
          1042
        ]
      ]
    }
  }
}