{
  "selected_model": "random_forest",
  "candidates": {
    "logistic_regression": {
      "accuracy": 0.8640061396776669,
      "roc_auc": 0.8623744124187996,
      "precision": 0.7688442211055276,
      "recall": 0.5383532723434201,
      "f1": 0.6332781456953642,
      "confusion_matrix": [
        [
          4864,
          230
        ],
        [
          656,
          765
        ]
      ]
    },
    "random_forest": {
      "accuracy": 0.92831926323868,
      "roc_auc": 0.9291230565578248,
      "precision": 0.9483082706766918,
      "recall": 0.7100633356790992,
      "f1": 0.8120724346076459,
      "confusion_matrix": [
        [
          5039,
          55
        ],
        [
          412,
          1009
        ]
      ],
      "cross_validation_accuracy": [
        0.9266308518802763,
        0.9318495778971604,
        0.9323100537221796,
        0.9344589409056024,
        0.9289223211544366
      ]
    }
  }
}